{
  "correlation_threshold": 0.9,
  "dropped_by_correlation": [
    "rst_flag_number",
    "ack_count",
    "syn_count",
    "fin_count",
    "rst_count",
    "TCP",
    "IPv",
    "LLC",
    "Std",
    "Tot_size"
  ],
  "mutual_information_top10": {
    "Tot_sum": 0.5315470313026349,
    "AVG": 0.48757779980817983,
    "Max": 0.44028543322323643,
    "Header_Length": 0.3581389768497045,
    "IAT": 0.2965122172295023,
    "Rate": 0.2917574801684695,
    "Variance": 0.27535873747621453,
    "Min": 0.2698116640473387,
    "Number": 0.26061194161303036,
    "Protocol_Type": 0.24137023796110735
  },
  "feature_importance_top10": {
    "Tot_sum": 0.1047163467496123,
    "IAT": 0.10267032459235576,
    "Rate": 0.10208980220114716,
    "Max": 0.08316271260505849,
    "AVG": 0.07942100344559187,
    "Number": 0.05709438517332533,
    "Time_To_Live": 0.054823174145715727,
    "Min": 0.05413508078924582,
    "Variance": 0.052197292224071205,
    "Header_Length": 0.046010441113978465
  },
  "selected_features": [
    "Header_Length",
    "Protocol_Type",
    "Time_To_Live",
    "Rate",
    "fin_flag_number",
    "syn_flag_number",
    "psh_flag_number",
    "ack_flag_number",
    "ece_flag_number",
    "HTTP",
    "HTTPS",
    "DNS",
    "SSH",
    "IRC",
    "UDP",
    "DHCP",
    "ARP",
    "ICMP",
    "IGMP",
    "Tot_sum",
    "Min",
    "Max",
    "AVG",
    "IAT",
    "Number",
    "Variance"
  ],
  "decision": "Mantidas features presentes no top-25 de MI ou importância RF, após remoção de correlação > 0.9."
}