{
  "correlation_threshold": 0.9,
  "dropped_by_correlation": [
    "rst_flag_number",
    "ack_count",
    "syn_count",
    "fin_count",
    "rst_count",
    "TCP",
    "IPv",
    "LLC",
    "Std",
    "Tot_size"
  ],
  "mutual_information_top10": {
    "Number": 0.17063794056781456,
    "HTTPS": 0.1363579381670168,
    "Header_Length": 0.12463107680867858,
    "Tot_sum": 0.12161692860218576,
    "AVG": 0.12048364565876901,
    "ack_flag_number": 0.11933024148723981,
    "psh_flag_number": 0.11310953307944571,
    "UDP": 0.11237466672301133,
    "Time_To_Live": 0.10406657701461819,
    "syn_flag_number": 0.09593833472218305
  },
  "feature_importance_top10": {
    "Number": 0.22490173484416975,
    "ack_flag_number": 0.12346805199108724,
    "Header_Length": 0.10726880493326504,
    "HTTPS": 0.09721449340745904,
    "IAT": 0.09406249439861833,
    "Rate": 0.08358919881423596,
    "AVG": 0.07270043566326559,
    "Tot_sum": 0.04577051050447833,
    "Variance": 0.03666159228557511,
    "Time_To_Live": 0.02725276515834686
  },
  "selected_features": [
    "Header_Length",
    "Protocol_Type",
    "Time_To_Live",
    "Rate",
    "fin_flag_number",
    "syn_flag_number",
    "psh_flag_number",
    "ack_flag_number",
    "ece_flag_number",
    "HTTP",
    "HTTPS",
    "DNS",
    "SSH",
    "UDP",
    "DHCP",
    "ARP",
    "ICMP",
    "IGMP",
    "Tot_sum",
    "Min",
    "Max",
    "AVG",
    "IAT",
    "Number",
    "Variance"
  ],
  "decision": "Mantidas features presentes no top-25 de MI ou importância RF, após remoção de correlação > 0.9."
}