{
  "best_model": "xgboost",
  "balancing": "class_weight",
  "metrics": {
    "accuracy": 0.8410169491525423,
    "precision": 0.7743043958359911,
    "recall": 0.6801448664858654,
    "f1": 0.7065752542268675,
    "roc_auc": 0.9751062615711057,
    "pr_auc": 0.7628416226930944
  },
  "target": "label_multiclass",
  "classes": [
    "Benign",
    "BruteForce",
    "DDoS",
    "DoS",
    "Mirai",
    "Recon",
    "Spoofing",
    "Web"
  ],
  "tuning_summary": {
    "random_forest": {
      "best_params": {
        "n_estimators": 108,
        "max_depth": 18,
        "min_samples_split": 4
      },
      "best_val_f1": 0.6931661218568301,
      "test_metrics": {
        "accuracy": 0.731457627118644,
        "precision": 0.6954784462579545,
        "recall": 0.7147438821935035,
        "f1": 0.688463345561241,
        "roc_auc": 0.9742255883466453,
        "pr_auc": 0.7516477819921826
      }
    },
    "xgboost": {
      "best_params": {
        "n_estimators": 397,
        "max_depth": 4,
        "learning_rate": 0.1502680736121777,
        "subsample": 0.7028036761047434
      },
      "best_val_f1": 0.7067481630213088,
      "test_metrics": {
        "accuracy": 0.8410169491525423,
        "precision": 0.7743043958359911,
        "recall": 0.6801448664858654,
        "f1": 0.7065752542268675,
        "roc_auc": 0.9751062615711057,
        "pr_auc": 0.7628416226930944
      }
    },
    "lightgbm": {
      "best_params": {
        "n_estimators": 296,
        "num_leaves": 125,
        "learning_rate": 0.019786127237886586
      },
      "best_val_f1": 0.7068044468379804,
      "test_metrics": {
        "accuracy": 0.7655864406779661,
        "precision": 0.7082679442564543,
        "recall": 0.7173030074074404,
        "f1": 0.6991344677426978,
        "roc_auc": 0.9742200352712472,
        "pr_auc": 0.7609292397795854
      }
    }
  }
}